{
  "eye": {
    "orientation": [
      -0.15662051737308502,
      0,
      0,
      -0.9876589179039001
    ],
    "magnitude": 1,
    "position": [
      0,
      -137.178955078125,
      421.6543884277344
    ]
  },
  "radius": 256,
  "type": "ORTHOGRAPHIC"
}