{
  "eye": {
    "orientation": [
      -0.007467715069651604,
      -0.025165487080812454,
      0.0026905005797743797,
      0.9996517896652222
    ],
    "magnitude": 2.7014079093933105,
    "position": [
      195.80197143554688,
      373.3138427734375,
      4138.5419921875
    ]
  },
  "radius": 692.8203125,
  "type": "ORTHOGRAPHIC"
}