{
  "eye": {
    "orientation": [
      0,
      0,
      0,
      1
    ],
    "magnitude": 1.7320507764816284,
    "position": [
      400,
      400,
      2800
    ]
  },
  "radius": 692.8203125,
  "type": "ORTHOGRAPHIC"
}